{
    "timestamp": "2026-06-02 22:07:02",
    "execution_time_seconds": 112.87,
    "total_documents": 1087,
    "primary_signal": "abstract",
    "epoch_definitions": {
        "Era1 (2000-2011)": [
            2000,
            2011
        ],
        "Era2 (2012-2018)": [
            2012,
            2018
        ],
        "Era3 (2019-2025)": [
            2019,
            2025
        ]
    },
    "epoch_document_counts": {
        "Era1 (2000-2011)": 470,
        "Era2 (2012-2018)": 355,
        "Era3 (2019-2025)": 262
    },
    "descriptive_statistics": {
        "abstract": {
            "Era1 (2000-2011)": {
                "n": 467,
                "mean": 0.2096081370449679,
                "std": 0.4510428702850029,
                "median": 0.1779,
                "iqr": 0.5859,
                "pct_strong_positive": 29.550321199143468,
                "pct_strong_negative": 7.066381156316917,
                "pct_neutral": 27.40899357601713
            },
            "Era2 (2012-2018)": {
                "n": 355,
                "mean": 0.15267605633802817,
                "std": 0.3897197796942934,
                "median": 0.1027,
                "iqr": 0.46455,
                "pct_strong_positive": 21.12676056338028,
                "pct_strong_negative": 6.197183098591549,
                "pct_neutral": 28.169014084507044
            },
            "Era3 (2019-2025)": {
                "n": 262,
                "mean": 0.14048816793893132,
                "std": 0.42688149967371564,
                "median": 0.10085,
                "iqr": 0.566625,
                "pct_strong_positive": 22.137404580152673,
                "pct_strong_negative": 8.778625954198473,
                "pct_neutral": 22.137404580152673
            }
        },
        "headline": {
            "Era1 (2000-2011)": {
                "n": 470,
                "mean": 0.03651148936170213,
                "std": 0.2575873992814206,
                "median": 0.0,
                "iqr": 0.0,
                "pct_strong_positive": 5.957446808510639,
                "pct_strong_negative": 2.7659574468085104,
                "pct_neutral": 65.53191489361701
            },
            "Era2 (2012-2018)": {
                "n": 355,
                "mean": 0.02235887323943662,
                "std": 0.30086585191108756,
                "median": 0.0,
                "iqr": 0.0258,
                "pct_strong_positive": 6.760563380281689,
                "pct_strong_negative": 6.760563380281689,
                "pct_neutral": 57.46478873239437
            },
            "Era3 (2019-2025)": {
                "n": 262,
                "mean": -0.0051332061068702275,
                "std": 0.31669104323058844,
                "median": 0.0,
                "iqr": 0.211175,
                "pct_strong_positive": 5.343511450381679,
                "pct_strong_negative": 9.16030534351145,
                "pct_neutral": 48.091603053435115
            }
        }
    },
    "significance_tests": {
        "abstract": [
            {
                "epoch_a": "Era1 (2000-2011)",
                "epoch_b": "Era2 (2012-2018)",
                "n_a": 467,
                "n_b": 355,
                "mean_a": 0.2096081370449679,
                "mean_b": 0.15267605633802817,
                "std_a": 0.4510428702850029,
                "std_b": 0.3897197796942934,
                "u_statistic": 89075.5,
                "p_value": 0.06418348899788032,
                "significant_p05": false,
                "rank_biserial_effect": -0.07459058419036713
            },
            {
                "epoch_a": "Era2 (2012-2018)",
                "epoch_b": "Era3 (2019-2025)",
                "n_a": 355,
                "n_b": 262,
                "mean_a": 0.15267605633802817,
                "mean_b": 0.14048816793893132,
                "std_a": 0.3897197796942934,
                "std_b": 0.42688149967371564,
                "u_statistic": 47063.0,
                "p_value": 0.7976353430879628,
                "significant_p05": false,
                "rank_biserial_effect": -0.0119987098161487
            },
            {
                "epoch_a": "Era1 (2000-2011)",
                "epoch_b": "Era3 (2019-2025)",
                "n_a": 467,
                "n_b": 262,
                "mean_a": 0.2096081370449679,
                "mean_b": 0.14048816793893132,
                "std_a": 0.4510428702850029,
                "std_b": 0.42688149967371564,
                "u_statistic": 66678.5,
                "p_value": 0.04225714153067338,
                "significant_p05": true,
                "rank_biserial_effect": -0.08992758716511107
            }
        ],
        "headline": [
            {
                "epoch_a": "Era1 (2000-2011)",
                "epoch_b": "Era2 (2012-2018)",
                "n_a": 470,
                "n_b": 355,
                "mean_a": 0.03651148936170213,
                "mean_b": 0.02235887323943662,
                "std_a": 0.2575873992814206,
                "std_b": 0.30086585191108756,
                "u_statistic": 82553.0,
                "p_value": 0.7693654744056658,
                "significant_p05": false,
                "rank_biserial_effect": 0.010452502247527695
            },
            {
                "epoch_a": "Era2 (2012-2018)",
                "epoch_b": "Era3 (2019-2025)",
                "n_a": 355,
                "n_b": 262,
                "mean_a": 0.02235887323943662,
                "mean_b": -0.0051332061068702275,
                "std_a": 0.30086585191108756,
                "std_b": 0.31669104323058844,
                "u_statistic": 49601.5,
                "p_value": 0.12667372833790594,
                "significant_p05": false,
                "rank_biserial_effect": -0.06658423825395121
            },
            {
                "epoch_a": "Era1 (2000-2011)",
                "epoch_b": "Era3 (2019-2025)",
                "n_a": 470,
                "n_b": 262,
                "mean_a": 0.03651148936170213,
                "mean_b": -0.0051332061068702275,
                "std_a": 0.2575873992814206,
                "std_b": 0.31669104323058844,
                "u_statistic": 65756.5,
                "p_value": 0.08681589047899664,
                "significant_p05": false,
                "rank_biserial_effect": -0.06799577716420324
            }
        ]
    },
    "yearly_abstract_sentiment": [
        {
            "year": 2000,
            "mean": 0.2247583333333333,
            "std": 0.49452920479701007,
            "n": 48
        },
        {
            "year": 2001,
            "mean": 0.21253863636363637,
            "std": 0.3823704414818534,
            "n": 44
        },
        {
            "year": 2002,
            "mean": 0.24432972972972974,
            "std": 0.5172641727100084,
            "n": 37
        },
        {
            "year": 2003,
            "mean": 0.3212833333333333,
            "std": 0.5269682338353469,
            "n": 42
        },
        {
            "year": 2004,
            "mean": 0.32642068965517246,
            "std": 0.484503783988843,
            "n": 29
        },
        {
            "year": 2005,
            "mean": 0.12866086956521738,
            "std": 0.5947468206488681,
            "n": 23
        },
        {
            "year": 2006,
            "mean": 0.21274444444444443,
            "std": 0.42537594471647594,
            "n": 45
        },
        {
            "year": 2007,
            "mean": 0.16033703703703706,
            "std": 0.3389548020109286,
            "n": 27
        },
        {
            "year": 2008,
            "mean": 0.2487181818181818,
            "std": 0.3897189800133731,
            "n": 44
        },
        {
            "year": 2009,
            "mean": 0.2120025,
            "std": 0.5429644590944637,
            "n": 40
        },
        {
            "year": 2010,